index,carrier,year,month,name,value,groupid
213921,WN,2016,6,BOS,27,6_WN
215811,OO,2016,8,BOS,0,8_OO
215834,UA,2016,8,BOS,21,8_UA
210284,EV,2016,3,BOS,11,3_EV
210146,DL,2016,3,BOS,16,3_DL
215944,WN,2016,8,BOS,22,8_WN
216028,AA,2016,9,BOS,22,9_AA
216185,B6,2016,9,BOS,25,9_B6
216262,DL,2016,9,BOS,21,9_DL
210057,B6,2016,3,BOS,18,3_B6
216414,EV,2016,9,BOS,25,9_EV
209908,AA,2016,3,BOS,17,3_AA
216857,UA,2016,9,BOS,23,9_UA
209847,WN,2016,2,BOS,17,2_WN
215473,EV,2016,8,BOS,25,8_EV
216965,WN,2016,9,BOS,24,9_WN
209719,UA,2016,2,BOS,16,2_UA
209698,OO,2016,2,BOS,50,2_OO
217201,B6,2016,10,BOS,21,10_B6
217286,DL,2016,10,BOS,16,10_DL
209351,EV,2016,2,BOS,15,2_EV
217516,EV,2016,10,BOS,18,10_EV
209169,DL,2016,2,BOS,20,2_DL
217880,UA,2016,10,BOS,18,10_UA
218004,WN,2016,10,BOS,16,10_WN
218063,OO,2016,10,BOS,100,10_OO
218076,AA,2016,11,BOS,18,11_AA
209068,B6,2016,2,BOS,26,2_B6
208941,AA,2016,2,BOS,19,2_AA
217043,AA,2016,10,BOS,17,10_AA
218235,B6,2016,11,BOS,17,11_B6
210670,OO,2016,3,BOS,13,3_OO
215232,DL,2016,8,BOS,21,8_DL
212376,EV,2016,5,BOS,15,5_EV
212710,OO,2016,5,BOS,100,5_OO
212743,UA,2016,5,BOS,18,5_UA
212079,B6,2016,5,BOS,16,5_B6
212881,WN,2016,5,BOS,20,5_WN
212933,AA,2016,6,BOS,24,6_AA
211932,AA,2016,5,BOS,17,5_AA
213095,B6,2016,6,BOS,22,6_B6
211842,WN,2016,4,BOS,19,4_WN
213203,DL,2016,6,BOS,19,6_DL
211731,UA,2016,4,BOS,15,4_UA
213418,EV,2016,6,BOS,17,6_EV
211703,OO,2016,4,BOS,0,4_OO
210716,UA,2016,3,BOS,15,3_UA
213775,UA,2016,6,BOS,21,6_UA
211343,EV,2016,4,BOS,11,4_EV
214121,B6,2016,7,BOS,28,7_B6
214213,DL,2016,7,BOS,23,7_DL
211121,DL,2016,4,BOS,17,4_DL
214378,EV,2016,7,BOS,24,7_EV
211060,B6,2016,4,BOS,20,4_B6
214784,OO,2016,7,BOS,0,7_OO
214799,UA,2016,7,BOS,25,7_UA
210911,AA,2016,4,BOS,17,4_AA
214921,WN,2016,7,BOS,31,7_WN
210848,WN,2016,3,BOS,14,3_WN
214983,AA,2016,8,BOS,24,8_AA
215147,B6,2016,8,BOS,23,8_B6
213962,AA,2016,7,BOS,27,7_AA
218332,DL,2016,11,BOS,15,11_DL
212201,DL,2016,5,BOS,14,5_DL
208713,UA,2016,1,BOS,14,1_UA
207917,AA,2016,1,BOS,15,1_AA
219948,UA,2016,12,BOS,17,12_UA
219508,EV,2016,12,BOS,15,12_EV
208363,EV,2016,1,BOS,8,1_EV
219904,OO,2016,12,BOS,46,12_OO
219253,B6,2016,12,BOS,21,12_B6
208901,WN,2016,1,BOS,15,1_WN
218521,EV,2016,11,BOS,15,11_EV
208123,DL,2016,1,BOS,14,1_DL
218899,UA,2016,11,BOS,16,11_UA
208683,OO,2016,1,BOS,50,1_OO
220059,WN,2016,12,BOS,19,12_WN
219363,DL,2016,12,BOS,18,12_DL
208059,B6,2016,1,BOS,21,1_B6
219103,AA,2016,12,BOS,15,12_AA
219012,WN,2016,11,BOS,20,11_WN
215968,WN,2016,8,DCA,20,8_WN
211356,EV,2016,4,DCA,10,4_EV
216707,OO,2016,9,DCA,16,9_OO
216038,AA,2016,9,DCA,18,9_AA
214907,WN,2016,7,DCA,26,7_WN
219894,OO,2016,12,DCA,23,12_OO
219043,WN,2016,11,DCA,15,11_WN
216195,B6,2016,9,DCA,18,9_B6
213883,WN,2016,6,DCA,23,6_WN
213709,OO,2016,6,DCA,18,6_OO
213821,UA,2016,6,DCA,27,6_UA
216438,EV,2016,9,DCA,23,9_EV
208574,OO,2016,1,DCA,24,1_OO
210056,B6,2016,3,DCA,17,3_B6
211600,OO,2016,4,DCA,6,4_OO
209914,AA,2016,3,DCA,19,3_AA
216282,DL,2016,9,DCA,13,9_DL
215233,DL,2016,8,DCA,20,8_DL
210164,DL,2016,3,DCA,13,3_DL
219348,DL,2016,12,DCA,17,12_DL
210915,AA,2016,4,DCA,17,4_AA
208136,DL,2016,1,DCA,15,1_DL
215012,AA,2016,8,DCA,26,8_AA
210816,WN,2016,3,DCA,14,3_WN
214768,OO,2016,7,DCA,29,7_OO
215143,B6,2016,8,DCA,20,8_B6
210741,UA,2016,3,DCA,12,3_UA
211063,B6,2016,4,DCA,19,4_B6
214374,EV,2016,7,DCA,27,7_EV
213987,AA,2016,7,DCA,29,7_AA
219267,B6,2016,12,DCA,21,12_B6
210633,OO,2016,3,DCA,17,3_OO
214226,DL,2016,7,DCA,25,7_DL
215398,EV,2016,8,DCA,23,8_EV
215692,OO,2016,8,DCA,20,8_OO
211159,DL,2016,4,DCA,11,4_DL
208372,EV,2016,1,DCA,10,1_EV
210340,EV,2016,3,DCA,14,3_EV
219117,AA,2016,12,DCA,14,12_AA
219922,UA,2016,12,DCA,16,12_UA
214117,B6,2016,7,DCA,23,7_B6
219506,EV,2016,12,DCA,28,12_EV
215845,UA,2016,8,DCA,28,8_UA
214842,UA,2016,7,DCA,30,7_UA
209859,WN,2016,2,DCA,11,2_WN
218343,DL,2016,11,DCA,9,11_DL
207928,AA,2016,1,DCA,16,1_AA
211937,AA,2016,5,DCA,20,5_AA
217349,DL,2016,10,DCA,5,10_DL
209371,EV,2016,2,DCA,23,2_EV
209075,B6,2016,2,DCA,21,2_B6
217462,EV,2016,10,DCA,25,10_EV
208771,UA,2016,1,DCA,18,1_UA
217978,WN,2016,10,DCA,9,10_WN
208071,B6,2016,1,DCA,20,1_B6
212855,WN,2016,5,DCA,17,5_WN
208835,WN,2016,1,DCA,11,1_WN
217754,OO,2016,10,DCA,5,10_OO
209152,DL,2016,2,DCA,17,2_DL
212782,UA,2016,5,DCA,19,5_UA
220033,WN,2016,12,DCA,18,12_WN
218484,EV,2016,11,DCA,15,11_EV
212100,B6,2016,5,DCA,15,5_B6
212671,OO,2016,5,DCA,23,5_OO
218081,AA,2016,11,DCA,15,11_AA
212958,AA,2016,6,DCA,29,6_AA
208929,AA,2016,2,DCA,19,2_AA
213346,EV,2016,6,DCA,22,6_EV
216867,UA,2016,9,DCA,14,9_UA
213221,DL,2016,6,DCA,21,6_DL
211761,UA,2016,4,DCA,16,4_UA
209748,UA,2016,2,DCA,19,2_UA
216977,WN,2016,9,DCA,13,9_WN
212329,EV,2016,5,DCA,12,5_EV
218229,B6,2016,11,DCA,10,11_B6
218902,UA,2016,11,DCA,17,11_UA
212165,DL,2016,5,DCA,12,5_DL
217059,AA,2016,10,DCA,14,10_AA
213131,B6,2016,6,DCA,23,6_B6
209652,OO,2016,2,DCA,24,2_OO
218883,OO,2016,11,DCA,16,11_OO
217226,B6,2016,10,DCA,12,10_B6
211854,WN,2016,4,DCA,16,4_WN
217921,UA,2016,10,DCA,11,10_UA
212584,OO,2016,5,DEN,14,5_OO
211086,B6,2016,4,DEN,17,4_B6
214788,UA,2016,7,DEN,14,7_UA
212154,DL,2016,5,DEN,14,5_DL
220034,WN,2016,12,DEN,23,12_WN
214645,OO,2016,7,DEN,14,7_OO
210914,AA,2016,4,DEN,17,4_AA
219739,OO,2016,12,DEN,21,12_OO
214254,DL,2016,7,DEN,21,7_DL
211727,UA,2016,4,DEN,9,4_UA
208073,B6,2016,1,DEN,17,1_B6
219928,UA,2016,12,DEN,19,12_UA
213765,UA,2016,6,DEN,14,6_UA
211855,WN,2016,4,DEN,16,4_WN
213164,DL,2016,6,DEN,20,6_DL
211541,OO,2016,4,DEN,12,4_OO
213884,WN,2016,6,DEN,20,6_WN
213124,B6,2016,6,DEN,32,6_B6
212947,AA,2016,6,DEN,33,6_AA
213982,AA,2016,7,DEN,36,7_AA
211939,AA,2016,5,DEN,22,5_AA
212856,WN,2016,5,DEN,18,5_WN
214166,B6,2016,7,DEN,45,7_B6
211128,DL,2016,4,DEN,9,4_DL
207908,AA,2016,1,DEN,16,1_AA
212748,UA,2016,5,DEN,12,5_UA
212095,B6,2016,5,DEN,13,5_B6
213639,OO,2016,6,DEN,13,6_OO
218268,B6,2016,11,DEN,8,11_B6
214908,WN,2016,7,DEN,23,7_WN
216196,B6,2016,9,DEN,21,9_B6
219016,WN,2016,11,DEN,10,11_WN
209923,AA,2016,3,DEN,21,3_AA
216283,DL,2016,9,DEN,10,9_DL
216708,OO,2016,9,DEN,9,9_OO
209860,WN,2016,2,DEN,8,2_WN
208715,UA,2016,1,DEN,8,1_UA
216868,UA,2016,9,DEN,8,9_UA
216978,WN,2016,9,DEN,11,9_WN
217066,AA,2016,10,DEN,14,10_AA
209709,UA,2016,2,DEN,7,2_UA
218898,UA,2016,11,DEN,8,11_UA
217246,B6,2016,10,DEN,29,10_B6
209555,OO,2016,2,DEN,10,2_OO
217315,DL,2016,10,DEN,9,10_DL
218729,OO,2016,11,DEN,10,11_OO
217700,OO,2016,10,DEN,8,10_OO
209146,DL,2016,2,DEN,12,2_DL
217873,UA,2016,10,DEN,7,10_UA
208836,WN,2016,1,DEN,9,1_WN
217979,WN,2016,10,DEN,10,10_WN
209088,B6,2016,2,DEN,24,2_B6
218089,AA,2016,11,DEN,12,11_AA
208917,AA,2016,2,DEN,16,2_AA
218334,DL,2016,11,DEN,9,11_DL
210117,DL,2016,3,DEN,13,3_DL
216039,AA,2016,9,DEN,15,9_AA
210089,B6,2016,3,DEN,28,3_B6
215833,UA,2016,8,DEN,13,8_UA
219271,B6,2016,12,DEN,47,12_B6
215969,WN,2016,8,DEN,17,8_WN
208539,OO,2016,1,DEN,14,1_OO
219326,DL,2016,12,DEN,28,12_DL
215650,OO,2016,8,DEN,14,8_OO
208157,DL,2016,1,DEN,14,1_DL
215035,AA,2016,8,DEN,26,8_AA
215263,DL,2016,8,DEN,19,8_DL
219127,AA,2016,12,DEN,23,12_AA
210817,WN,2016,3,DEN,15,3_WN
210516,OO,2016,3,DEN,17,3_OO
215173,B6,2016,8,DEN,35,8_B6
210709,UA,2016,3,DEN,13,3_UA
219782,OO,2016,12,DFW,31,12_OO
217708,OO,2016,10,DFW,12,10_OO
217415,EV,2016,10,DFW,11,10_EV
214628,OO,2016,7,DFW,19,7_OO
212936,AA,2016,6,DFW,25,6_AA
219964,UA,2016,12,DFW,19,12_UA
219460,EV,2016,12,DFW,23,12_EV
217898,UA,2016,10,DFW,13,10_UA
212759,UA,2016,5,DFW,17,5_UA
217328,DL,2016,10,DFW,5,10_DL
218066,AA,2016,11,DFW,13,11_AA
214986,AA,2016,8,DFW,24,8_AA
218435,EV,2016,11,DFW,17,11_EV
212619,OO,2016,5,DFW,18,5_OO
218336,DL,2016,11,DFW,9,11_DL
214808,UA,2016,7,DFW,23,7_UA
218249,B6,2016,11,DFW,5,11_B6
219306,B6,2016,12,DFW,43,12_B6
215201,B6,2016,8,DFW,18,8_B6
214331,EV,2016,7,DFW,29,7_EV
215220,DL,2016,8,DFW,22,8_DL
219093,AA,2016,12,DFW,17,12_AA
216040,AA,2016,9,DFW,14,9_AA
215859,UA,2016,8,DFW,25,8_UA
216197,B6,2016,9,DFW,14,9_B6
212284,EV,2016,5,DFW,18,5_EV
213769,UA,2016,6,DFW,24,6_UA
216284,DL,2016,9,DFW,11,9_DL
213647,OO,2016,6,DFW,22,6_OO
219361,DL,2016,12,DFW,11,12_DL
214181,B6,2016,7,DFW,19,7_B6
218745,OO,2016,11,DFW,17,11_OO
216709,OO,2016,9,DFW,21,9_OO
213308,EV,2016,6,DFW,20,6_EV
215363,EV,2016,8,DFW,27,8_EV
216869,UA,2016,9,DFW,15,9_UA
218907,UA,2016,11,DFW,12,11_UA
217046,AA,2016,10,DFW,10,10_AA
213200,DL,2016,6,DFW,15,6_DL
214263,DL,2016,7,DFW,18,7_DL
213149,B6,2016,6,DFW,14,6_B6
213965,AA,2016,7,DFW,25,7_AA
217252,B6,2016,10,DFW,17,10_B6
215686,OO,2016,8,DFW,25,8_OO
216439,EV,2016,9,DFW,17,9_EV
207898,AA,2016,1,DFW,12,1_AA
211922,AA,2016,5,DFW,17,5_AA
210743,UA,2016,3,DFW,24,3_UA
208550,OO,2016,1,DFW,19,1_OO
209143,DL,2016,2,DFW,11,2_DL
210903,AA,2016,4,DFW,14,4_AA
209899,AA,2016,3,DFW,18,3_AA
209275,EV,2016,2,DFW,12,2_EV
211101,B6,2016,4,DFW,15,4_B6
210105,B6,2016,3,DFW,31,3_B6
208266,EV,2016,1,DFW,9,1_EV
208905,AA,2016,2,DFW,10,2_AA
209753,UA,2016,2,DFW,13,2_UA
211760,UA,2016,4,DFW,15,4_UA
211264,EV,2016,4,DFW,16,4_EV
208103,B6,2016,1,DFW,8,1_B6
209600,OO,2016,2,DFW,19,2_OO
208140,DL,2016,1,DFW,10,1_DL
211151,DL,2016,4,DFW,9,4_DL
208750,UA,2016,1,DFW,13,1_UA
211563,OO,2016,4,DFW,14,4_OO
209103,B6,2016,2,DFW,26,2_B6
212132,B6,2016,5,DFW,24,5_B6
210619,OO,2016,3,DFW,29,3_OO
212174,DL,2016,5,DFW,12,5_DL
210130,DL,2016,3,DFW,15,3_DL
210263,EV,2016,3,DFW,18,3_EV
211124,DL,2016,4,DTW,8,4_DL
216871,UA,2016,9,DTW,14,9_UA
214190,DL,2016,7,DTW,11,7_DL
215971,WN,2016,8,DTW,19,8_WN
219309,B6,2016,12,DTW,37,12_B6
215694,OO,2016,8,DTW,13,8_OO
214149,B6,2016,7,DTW,37,7_B6
219329,DL,2016,12,DTW,16,12_DL
209742,UA,2016,2,DTW,12,2_UA
216980,WN,2016,9,DTW,11,9_WN
219018,WN,2016,11,DTW,13,11_WN
210341,EV,2016,3,DTW,13,3_EV
210550,OO,2016,3,DTW,16,3_OO
211336,EV,2016,4,DTW,9,4_EV
208135,DL,2016,1,DTW,11,1_DL
218292,DL,2016,11,DTW,7,11_DL
213886,WN,2016,6,DTW,26,6_WN
217054,AA,2016,10,DTW,13,10_AA
211549,OO,2016,4,DTW,12,4_OO
213795,UA,2016,6,DTW,20,6_UA
218279,B6,2016,11,DTW,18,11_B6
208105,B6,2016,1,DTW,27,1_B6
208732,UA,2016,1,DTW,12,1_UA
210119,DL,2016,3,DTW,10,3_DL
208313,EV,2016,1,DTW,13,1_EV
209862,WN,2016,2,DTW,14,2_WN
215188,B6,2016,8,DTW,24,8_B6
210734,UA,2016,3,DTW,21,3_UA
216042,AA,2016,9,DTW,13,9_AA
216198,B6,2016,9,DTW,21,9_B6
210819,WN,2016,3,DTW,17,3_WN
214998,AA,2016,8,DTW,23,8_AA
218703,OO,2016,11,DTW,14,11_OO
209919,AA,2016,3,DTW,18,3_AA
216286,DL,2016,9,DTW,7,9_DL
208549,OO,2016,1,DTW,20,1_OO
214910,WN,2016,7,DTW,28,7_WN
219116,AA,2016,12,DTW,24,12_AA
218522,EV,2016,11,DTW,15,11_EV
210108,B6,2016,3,DTW,25,3_B6
214818,UA,2016,7,DTW,16,7_UA
208838,WN,2016,1,DTW,12,1_WN
219531,EV,2016,12,DTW,18,12_EV
218951,UA,2016,11,DTW,13,11_UA
216443,EV,2016,9,DTW,11,9_EV
210950,AA,2016,4,DTW,16,4_AA
214690,OO,2016,7,DTW,12,7_OO
215432,EV,2016,8,DTW,19,8_EV
216713,OO,2016,9,DTW,8,9_OO
214410,EV,2016,7,DTW,17,7_EV
211089,B6,2016,4,DTW,26,4_B6
215216,DL,2016,8,DTW,15,8_DL
213996,AA,2016,7,DTW,28,7_AA
215858,UA,2016,8,DTW,21,8_UA
208906,AA,2016,2,DTW,16,2_AA
217262,B6,2016,10,DTW,18,10_B6
217274,DL,2016,10,DTW,5,10_DL
211857,WN,2016,4,DTW,20,4_WN
220036,WN,2016,12,DTW,21,12_WN
217897,UA,2016,10,DTW,10,10_UA
212770,UA,2016,5,DTW,10,5_UA
213160,DL,2016,6,DTW,10,6_DL
209136,DL,2016,2,DTW,11,2_DL
213153,B6,2016,6,DTW,21,6_B6
209545,OO,2016,2,DTW,21,2_OO
219972,UA,2016,12,DTW,15,12_UA
211956,AA,2016,5,DTW,19,5_AA
212858,WN,2016,5,DTW,20,5_WN
209345,EV,2016,2,DTW,17,2_EV
212974,AA,2016,6,DTW,31,6_AA
217703,OO,2016,10,DTW,8,10_OO
217546,EV,2016,10,DTW,11,10_EV
212136,B6,2016,5,DTW,22,5_B6
209115,B6,2016,2,DTW,27,2_B6
218077,AA,2016,11,DTW,17,11_AA
213359,EV,2016,6,DTW,13,6_EV
207899,AA,2016,1,DTW,16,1_AA
217981,WN,2016,10,DTW,9,10_WN
212153,DL,2016,5,DTW,8,5_DL
212372,EV,2016,5,DTW,9,5_EV
219734,OO,2016,12,DTW,27,12_OO
213623,OO,2016,6,DTW,8,6_OO
212585,OO,2016,5,DTW,9,5_OO
211730,UA,2016,4,DTW,14,4_UA
219929,UA,2016,12,LAS,21,12_UA
211943,AA,2016,5,LAS,16,5_AA
210835,WN,2016,3,LAS,15,3_WN
212874,WN,2016,5,LAS,14,5_WN
212162,DL,2016,5,LAS,9,5_DL
215952,WN,2016,8,LAS,16,8_WN
207913,AA,2016,1,LAS,17,1_AA
214961,WN,2016,7,LAS,23,7_WN
216320,DL,2016,9,LAS,10,9_DL
215001,AA,2016,8,LAS,27,8_AA
217819,OO,2016,10,LAS,19,10_OO
209171,DL,2016,2,LAS,10,2_DL
215852,UA,2016,8,LAS,18,8_UA
217871,UA,2016,10,LAS,15,10_UA
219101,AA,2016,12,LAS,27,12_AA
215707,OO,2016,8,LAS,30,8_OO
216207,B6,2016,9,LAS,17,9_B6
209104,B6,2016,2,LAS,28,2_B6
212689,OO,2016,5,LAS,14,5_OO
216061,AA,2016,9,LAS,17,9_AA
210128,DL,2016,3,LAS,10,3_DL
215223,DL,2016,8,LAS,15,8_DL
210725,UA,2016,3,LAS,18,3_UA
219034,WN,2016,11,LAS,11,11_WN
212076,B6,2016,5,LAS,19,5_B6
208533,OO,2016,1,LAS,20,1_OO
218938,UA,2016,11,LAS,8,11_UA
215172,B6,2016,8,LAS,29,8_B6
210096,B6,2016,3,LAS,24,3_B6
218057,WN,2016,10,LAS,15,10_WN
220052,WN,2016,12,LAS,26,12_WN
208719,UA,2016,1,LAS,15,1_UA
210572,OO,2016,3,LAS,14,3_OO
218824,OO,2016,11,LAS,10,11_OO
212756,UA,2016,5,LAS,13,5_UA
209918,AA,2016,3,LAS,17,3_AA
208854,WN,2016,1,LAS,13,1_WN
216888,UA,2016,9,LAS,13,9_UA
214187,DL,2016,7,LAS,15,7_DL
208920,AA,2016,2,LAS,12,2_AA
211873,WN,2016,4,LAS,19,4_WN
211623,OO,2016,4,LAS,14,4_OO
219327,DL,2016,12,LAS,23,12_DL
214157,B6,2016,7,LAS,30,7_B6
216996,WN,2016,9,LAS,14,9_WN
213979,AA,2016,7,LAS,29,7_AA
219276,B6,2016,12,LAS,35,12_B6
208149,DL,2016,1,LAS,16,1_DL
209733,UA,2016,2,LAS,10,2_UA
213900,WN,2016,6,LAS,19,6_WN
217212,B6,2016,10,LAS,29,10_B6
213621,OO,2016,6,LAS,18,6_OO
209635,OO,2016,2,LAS,18,2_OO
217060,AA,2016,10,LAS,15,10_AA
218251,B6,2016,11,LAS,16,11_B6
211723,UA,2016,4,LAS,15,4_UA
213783,UA,2016,6,LAS,16,6_UA
218316,DL,2016,11,LAS,7,11_DL
209828,WN,2016,2,LAS,8,2_WN
213165,DL,2016,6,LAS,14,6_DL
213094,B6,2016,6,LAS,22,6_B6
211084,B6,2016,4,LAS,18,4_B6
216759,OO,2016,9,LAS,35,9_OO
214671,OO,2016,7,LAS,13,7_OO
212960,AA,2016,6,LAS,26,6_AA
218096,AA,2016,11,LAS,11,11_AA
217316,DL,2016,10,LAS,9,10_DL
210926,AA,2016,4,LAS,17,4_AA
214797,UA,2016,7,LAS,20,7_UA
219800,OO,2016,12,LAS,23,12_OO
208090,B6,2016,1,LAS,34,1_B6
211122,DL,2016,4,LAS,11,4_DL
218058,WN,2016,10,LAX,32,10_WN
209087,B6,2016,2,LAX,21,2_B6
208855,WN,2016,1,LAX,20,1_WN
216321,DL,2016,9,LAX,15,9_DL
209721,UA,2016,2,LAX,8,2_UA
218289,DL,2016,11,LAX,15,11_DL
209898,AA,2016,3,LAX,20,3_AA
217045,AA,2016,10,LAX,20,10_AA
217692,OO,2016,10,LAX,21,10_OO
215953,WN,2016,8,LAX,30,8_WN
210123,DL,2016,3,LAX,15,3_DL
216208,B6,2016,9,LAX,17,9_B6
216997,WN,2016,9,LAX,25,9_WN
218704,OO,2016,11,LAX,22,11_OO
216889,UA,2016,9,LAX,24,9_UA
217889,UA,2016,10,LAX,30,10_UA
209829,WN,2016,2,LAX,12,2_WN
209135,DL,2016,2,LAX,14,2_DL
210068,B6,2016,3,LAX,15,3_B6
217222,B6,2016,10,LAX,26,10_B6
216062,AA,2016,9,LAX,16,9_AA
217275,DL,2016,10,LAX,16,10_DL
218894,UA,2016,11,LAX,20,11_UA
218065,AA,2016,11,LAX,13,11_AA
218248,B6,2016,11,LAX,9,11_B6
216760,OO,2016,9,LAX,16,9_OO
209530,OO,2016,2,LAX,17,2_OO
208912,AA,2016,2,LAX,14,2_AA
220113,WN,2016,12,LAX,44,12_WN
219083,WN,2016,11,LAX,24,11_WN
219094,AA,2016,12,LAX,30,12_AA
219935,UA,2016,12,LAX,39,12_UA
212935,AA,2016,6,LAX,35,6_AA
214191,DL,2016,7,LAX,20,7_DL
211921,AA,2016,5,LAX,19,5_AA
214985,AA,2016,8,LAX,29,8_AA
210836,WN,2016,3,LAX,25,3_WN
211724,UA,2016,4,LAX,13,4_UA
208072,B6,2016,1,LAX,17,1_B6
211123,DL,2016,4,LAX,11,4_DL
214975,WN,2016,7,LAX,36,7_WN
213901,WN,2016,6,LAX,37,6_WN
210902,AA,2016,4,LAX,19,4_AA
213572,OO,2016,6,LAX,22,6_OO
213114,B6,2016,6,LAX,19,6_B6
214805,UA,2016,7,LAX,27,7_UA
211874,WN,2016,4,LAX,26,4_WN
213166,DL,2016,6,LAX,22,6_DL
211057,B6,2016,4,LAX,11,4_B6
219740,OO,2016,12,LAX,39,12_OO
214595,OO,2016,7,LAX,18,7_OO
215163,B6,2016,8,LAX,27,8_B6
214177,B6,2016,7,LAX,36,7_B6
210541,OO,2016,3,LAX,24,3_OO
213964,AA,2016,7,LAX,30,7_AA
208724,UA,2016,1,LAX,13,1_UA
215843,UA,2016,8,LAX,29,8_UA
211535,OO,2016,4,LAX,14,4_OO
219341,DL,2016,12,LAX,33,12_DL
212139,DL,2016,5,LAX,15,5_DL
212625,OO,2016,5,LAX,17,5_OO
212740,UA,2016,5,LAX,18,5_UA
215630,OO,2016,8,LAX,19,8_OO
219257,B6,2016,12,LAX,47,12_B6
208122,DL,2016,1,LAX,21,1_DL
207906,AA,2016,1,LAX,19,1_AA
213787,UA,2016,6,LAX,26,6_UA
210705,UA,2016,3,LAX,20,3_UA
215222,DL,2016,8,LAX,22,8_DL
212887,WN,2016,5,LAX,27,5_WN
208560,OO,2016,1,LAX,21,1_OO
212082,B6,2016,5,LAX,15,5_B6
213823,UA,2016,6,MCI,24,6_UA
213646,OO,2016,6,MCI,15,6_OO
219537,EV,2016,12,MCI,30,12_EV
213349,EV,2016,6,MCI,8,6_EV
209568,OO,2016,2,MCI,19,2_OO
211673,OO,2016,4,MCI,13,4_OO
213210,DL,2016,6,MCI,13,6_DL
217077,AA,2016,10,MCI,13,10_AA
210172,DL,2016,3,MCI,12,3_DL
211780,UA,2016,4,MCI,16,4_UA
220096,WN,2016,12,MCI,22,12_WN
212348,EV,2016,5,MCI,6,5_EV
212562,OO,2016,5,MCI,17,5_OO
217939,UA,2016,10,MCI,20,10_UA
212757,UA,2016,5,MCI,23,5_UA
211973,AA,2016,5,MCI,19,5_AA
212892,WN,2016,5,MCI,19,5_WN
209164,DL,2016,2,MCI,9,2_DL
217271,DL,2016,10,MCI,5,10_DL
217745,OO,2016,10,MCI,12,10_OO
207947,AA,2016,1,MCI,14,1_AA
208942,AA,2016,2,MCI,13,2_AA
212980,AA,2016,6,MCI,24,6_AA
217477,EV,2016,10,MCI,0,10_EV
209334,EV,2016,2,MCI,12,2_EV
218106,AA,2016,11,MCI,11,11_AA
211879,WN,2016,4,MCI,18,4_WN
219744,OO,2016,12,MCI,21,12_OO
219963,UA,2016,12,MCI,16,12_UA
213906,WN,2016,6,MCI,22,6_WN
209741,UA,2016,2,MCI,15,2_UA
218053,WN,2016,10,MCI,9,10_WN
210557,OO,2016,3,MCI,20,3_OO
210938,AA,2016,4,MCI,12,4_AA
215448,EV,2016,8,MCI,37,8_EV
219118,AA,2016,12,MCI,17,12_AA
219379,DL,2016,12,MCI,19,12_DL
214864,UA,2016,7,MCI,25,7_UA
216327,DL,2016,9,MCI,8,9_DL
214981,WN,2016,7,MCI,24,7_WN
218524,EV,2016,11,MCI,14,11_EV
209926,AA,2016,3,MCI,14,3_AA
215013,AA,2016,8,MCI,25,8_AA
219089,WN,2016,11,MCI,12,11_WN
210814,WN,2016,3,MCI,17,3_WN
210772,UA,2016,3,MCI,17,3_UA
212199,DL,2016,5,MCI,13,5_DL
215265,DL,2016,8,MCI,17,8_DL
208741,UA,2016,1,MCI,15,1_UA
216066,AA,2016,9,MCI,13,9_AA
214625,OO,2016,7,MCI,14,7_OO
216495,EV,2016,9,MCI,0,9_EV
208316,EV,2016,1,MCI,15,1_EV
217003,WN,2016,9,MCI,12,9_WN
211318,EV,2016,4,MCI,12,4_EV
215867,UA,2016,8,MCI,28,8_UA
210289,EV,2016,3,MCI,10,3_EV
214004,AA,2016,7,MCI,25,7_AA
211183,DL,2016,4,MCI,7,4_DL
208151,DL,2016,1,MCI,13,1_DL
215959,WN,2016,8,MCI,18,8_WN
216892,UA,2016,9,MCI,16,9_UA
218357,DL,2016,11,MCI,6,11_DL
214210,DL,2016,7,MCI,16,7_DL
209834,WN,2016,2,MCI,10,2_WN
215712,OO,2016,8,MCI,23,8_OO
208874,WN,2016,1,MCI,12,1_WN
218945,UA,2016,11,MCI,11,11_UA
218817,OO,2016,11,MCI,11,11_OO
216772,OO,2016,9,MCI,7,9_OO
214356,EV,2016,7,MCI,16,7_EV
208627,OO,2016,1,MCI,25,1_OO
208721,UA,2016,1,PHX,12,1_UA
209096,B6,2016,2,PHX,27,2_B6
207904,AA,2016,1,PHX,12,1_AA
218071,AA,2016,11,PHX,12,11_AA
219370,DL,2016,12,PHX,22,12_DL
218717,OO,2016,11,PHX,15,11_OO
208083,B6,2016,1,PHX,24,1_B6
208529,OO,2016,1,PHX,14,1_OO
219128,AA,2016,12,PHX,22,12_AA
219763,OO,2016,12,PHX,15,12_OO
218237,B6,2016,11,PHX,10,11_B6
218344,DL,2016,11,PHX,8,11_DL
219261,B6,2016,12,PHX,45,12_B6
208910,AA,2016,2,PHX,9,2_AA
208890,WN,2016,1,PHX,13,1_WN
218895,UA,2016,11,PHX,14,11_UA
208131,DL,2016,1,PHX,10,1_DL
219059,WN,2016,11,PHX,18,11_WN
219920,UA,2016,12,PHX,27,12_UA
212194,DL,2016,5,PHX,10,5_DL
218034,WN,2016,10,PHX,30,10_WN
214229,DL,2016,7,PHX,16,7_DL
211095,B6,2016,4,PHX,11,4_B6
214597,OO,2016,7,PHX,11,7_OO
210921,AA,2016,4,PHX,11,4_AA
214810,UA,2016,7,PHX,23,7_UA
210887,WN,2016,3,PHX,15,3_WN
214934,WN,2016,7,PHX,24,7_WN
215161,B6,2016,8,PHX,32,8_B6
210722,UA,2016,3,PHX,17,3_UA
215235,DL,2016,8,PHX,18,8_DL
215635,OO,2016,8,PHX,13,8_OO
210519,OO,2016,3,PHX,10,3_OO
210377,EV,2016,3,PHX,0,3_EV
215854,UA,2016,8,PHX,22,8_UA
210132,DL,2016,3,PHX,9,3_DL
211166,DL,2016,4,PHX,5,4_DL
216003,WN,2016,8,PHX,17,8_WN
214164,B6,2016,7,PHX,43,7_B6
211394,EV,2016,4,PHX,0,4_EV
212541,OO,2016,5,PHX,7,5_OO
212104,B6,2016,5,PHX,20,5_B6
212772,UA,2016,5,PHX,14,5_UA
211951,AA,2016,5,PHX,11,5_AA
212922,WN,2016,5,PHX,17,5_WN
212959,AA,2016,6,PHX,18,6_AA
211898,WN,2016,4,PHX,17,4_WN
213129,B6,2016,6,PHX,21,6_B6
213163,DL,2016,6,PHX,12,6_DL
211733,UA,2016,4,PHX,11,4_UA
213573,OO,2016,6,PHX,8,6_OO
211561,OO,2016,4,PHX,6,4_OO
213788,UA,2016,6,PHX,18,6_UA
220112,WN,2016,12,PHX,25,12_WN
213929,WN,2016,6,PHX,22,6_WN
213988,AA,2016,7,PHX,19,7_AA
216085,AA,2016,9,PHX,10,9_AA
215020,AA,2016,8,PHX,19,8_AA
210094,B6,2016,3,PHX,14,3_B6
216220,B6,2016,9,PHX,25,9_B6
217249,B6,2016,10,PHX,23,10_B6
209729,UA,2016,2,PHX,11,2_UA
217276,DL,2016,10,PHX,16,10_DL
217019,WN,2016,9,PHX,12,9_WN
209529,OO,2016,2,PHX,10,2_OO
216913,UA,2016,9,PHX,15,9_UA
209388,EV,2016,2,PHX,0,2_EV
217680,OO,2016,10,PHX,27,10_OO
216797,OO,2016,9,PHX,6,9_OO
209878,WN,2016,2,PHX,8,2_WN
209181,DL,2016,2,PHX,8,2_DL
217067,AA,2016,10,PHX,20,10_AA
209920,AA,2016,3,PHX,12,3_AA
217886,UA,2016,10,PHX,30,10_UA
216354,DL,2016,9,PHX,7,9_DL
207934,AA,2016,1,SAN,15,1_AA
213599,OO,2016,6,SAN,15,6_OO
217285,DL,2016,10,SAN,4,10_DL
213784,UA,2016,6,SAN,16,6_UA
212573,OO,2016,5,SAN,15,5_OO
211548,OO,2016,4,SAN,9,4_OO
209097,B6,2016,2,SAN,14,2_B6
218238,B6,2016,11,SAN,5,11_B6
213939,WN,2016,6,SAN,22,6_WN
220078,WN,2016,12,SAN,27,12_WN
212172,DL,2016,5,SAN,10,5_DL
213976,AA,2016,7,SAN,25,7_AA
209563,OO,2016,2,SAN,17,2_OO
209134,DL,2016,2,SAN,8,2_DL
212080,B6,2016,5,SAN,12,5_B6
211737,UA,2016,4,SAN,11,4_UA
213186,DL,2016,6,SAN,15,6_DL
208925,AA,2016,2,SAN,14,2_AA
218082,AA,2016,11,SAN,13,11_AA
219798,OO,2016,12,SAN,28,12_OO
217887,UA,2016,10,SAN,14,10_UA
217217,B6,2016,10,SAN,24,10_B6
213108,B6,2016,6,SAN,12,6_B6
211916,WN,2016,4,SAN,18,4_WN
217696,OO,2016,10,SAN,13,10_OO
212775,UA,2016,5,SAN,14,5_UA
212946,AA,2016,6,SAN,23,6_AA
211938,AA,2016,5,SAN,14,5_AA
212908,WN,2016,5,SAN,20,5_WN
219955,UA,2016,12,SAN,22,12_UA
208084,B6,2016,1,SAN,16,1_B6
210095,B6,2016,3,SAN,18,3_B6
209712,UA,2016,2,SAN,10,2_UA
215213,DL,2016,8,SAN,16,8_DL
208598,OO,2016,1,SAN,17,1_OO
210608,OO,2016,3,SAN,22,3_OO
215633,OO,2016,8,SAN,17,8_OO
218364,DL,2016,11,SAN,6,11_DL
218917,UA,2016,11,SAN,9,11_UA
209888,WN,2016,2,SAN,9,2_WN
210729,UA,2016,3,SAN,16,3_UA
209910,AA,2016,3,SAN,15,3_AA
215853,UA,2016,8,SAN,17,8_UA
216367,DL,2016,9,SAN,7,9_DL
210143,DL,2016,3,SAN,13,3_DL
216013,WN,2016,8,SAN,15,8_WN
218800,OO,2016,11,SAN,13,11_OO
216230,B6,2016,9,SAN,12,9_B6
216096,AA,2016,9,SAN,18,9_AA
208723,UA,2016,1,SAN,9,1_UA
215189,B6,2016,8,SAN,22,8_B6
219072,WN,2016,11,SAN,13,11_WN
208856,WN,2016,1,SAN,14,1_WN
219321,DL,2016,12,SAN,25,12_DL
208162,DL,2016,1,SAN,9,1_DL
214196,DL,2016,7,SAN,14,7_DL
217062,AA,2016,10,SAN,15,10_AA
219270,B6,2016,12,SAN,31,12_B6
211090,B6,2016,4,SAN,10,4_B6
217029,WN,2016,9,SAN,13,9_WN
214598,OO,2016,7,SAN,16,7_OO
210922,AA,2016,4,SAN,15,4_AA
214806,UA,2016,7,SAN,19,7_UA
216922,UA,2016,9,SAN,11,9_UA
219106,AA,2016,12,SAN,26,12_AA
210862,WN,2016,3,SAN,16,3_WN
216817,OO,2016,9,SAN,11,9_OO
214944,WN,2016,7,SAN,22,7_WN
215017,AA,2016,8,SAN,28,8_AA
218044,WN,2016,10,SAN,15,10_WN
211178,DL,2016,4,SAN,6,4_DL
214171,B6,2016,7,SAN,29,7_B6
